{"0.0": [[0.526560123611111, 0.246199775844216], [0.25617585044444446, 0.1658994365666829], [0.20474222711111112, 0.21466746891498703], [0.012521798999999998, 0.022430613056083022]], "1.0": [[0.4932472545666667, 0.23141199506779225], [0.2370808468666667, 0.11718594838240241], [0.15652390536666666, 0.11195603788293593], [0.11314799326666668, 0.2321738177760221]]}